Repository's Location,Branch,Author's GitHub ID,Author's Email,Author's Display Name,Author's Git Author Name,Ignore Glob List
https://github.com/ChesterSim/duke.git,master,ChesterSim,e0316070@u.nus.edu,CS2103T-F09- 1 CHES.. YI),ChesterSim,
https://github.com/KEVVVINN/duke.git,master,KEVVVINN,e0011030@u.nus.edu,CS2103T-F09- 1 LAW ..EVIN,KEVVVINN;kevvvinn,
https://github.com/nelsontky/duke.git,master,nelsontky,e0310498@u.nus.edu,CS2103T-F09- 1 NELS..K YI,nelsontky,
https://github.com/Denise-Ng/duke.git,master,Denise-Ng,e0318792@u.nus.edu,CS2103T-F09- 1 NG K..NISE,Denise-Ng,
https://github.com/alcen/duke.git,master,alcen,alden.tan@u.nus.edu,CS2103T-F09- 1 TAN ..LDEN,alcen,
https://github.com/alam8064/duke.git,master,alam8064,e0323403@u.nus.edu,CS2103T-F09- 2 AMAN..YING,alam8064,
https://github.com/Clouddoggo/duke.git,master,Clouddoggo,e0323968@u.nus.edu,CS2103T-F09- 2 LIM .. JEL,Clouddoggo,
https://github.com/eedenong/duke.git,master,eedenong,e0325639@u.nus.edu,CS2103T-F09- 2 ONG ..EDEN,eedenong,
https://github.com/yaojiethng/duke.git,master,yaojiethng,e0322864@u.nus.edu,CS2103T-F09- 2 THNG.. JIE,yaojiethng;Thng Yao Jie;yaojie,
https://github.com/yapdianhao/duke.git,master,yapdianhao,e0313668@u.nus.edu,CS2103T-F09- 2 YAP .. HAO,yapdianhao;yapdianhao1011,
https://github.com/dargohzy/duke.git,master,dargohzy,e0309535@u.nus.edu,CS2103T-F09- 3 DARY..YUAN,dargohzy;Daryl Goh,
https://github.com/nathanaelseen/duke.git,master,nathanaelseen,e0345677@u.nus.edu,CS2103T-F09- 3 NATH..G QI,nathanaelseen;Nathanael Seen,
https://github.com/teriaiw/duke.git,master,teriaiw,e0318519@u.nus.edu,CS2103T-F09- 3 TERI.. MIN,teriaiw,
https://github.com/waynewee/duke.git,master,waynewee,e0202795@u.nus.edu,CS2103T-F09- 3 WEE ..AYNE,waynewee;Wayne Wee,
https://github.com/yjskrs/duke.git,master,yjskrs,e0323600@u.nus.edu,CS2103T-F09- 3 ZHU ..IJIE,yjskrs;NinoMii,
https://github.com/grrrrnt/duke.git,master,grrrrnt,e0310162@u.nus.edu,CS2103T-F09- 4 LEE ..RANT,grrrrnt,
https://github.com/mikhailfaiz/duke.git,master,mikhailfaiz,e0311048@u.nus.edu,CS2103T-F09- 4 MIKH..FAIZ,mikhailfaiz;Mikhail Faiz,
https://github.com/raniceyue/duke.git,master,raniceyue,e0322729@u.nus.edu,CS2103T-F09- 4 RANI..XUAN,raniceyue;Ranice;Ranz,
https://github.com/zsoh97/duke.git,master,zsoh97,e0325787@u.nus.edu,CS2103T-F09- 4 SOH ..ZEKE,zsoh97,
https://github.com/vuhieunguyen/duke.git,master,vuhieunguyen,e0323154@u.nus.edu,CS2103T-F09- 4 VU H..UYEN,vuhieunguyen,
https://github.com/chrisjwelly/duke.git,master,chrisjwelly,e0324077@u.nus.edu,CS2103T-F10- 1 CHRI..ELLY,chrisjwelly;Christian James Welly,
https://github.com/helloImHai/duke.git,master,helloImHai,e0324816@u.nus.edu,CS2103T-F10- 1 NGUY.. HAI,helloImHai;helloimhai,
https://github.com/wardetu/duke.git,master,wardetu,e0324078@u.nus.edu,CS2103T-F10- 1 NGUY..OANG,wardetu;Hoang Nguyen;Hoang;huutienvt98,
https://github.com/nhamhung/duke.git,master,nhamhung,e0323236@u.nus.edu,CS2103T-F10- 1 NHAM..HUNG,nhamhung;Nham Quoc Hung,
https://github.com/duongphammmm/duke.git,master,duongphammmm,e0148683@u.nus.edu,CS2103T-F10- 1 PHAM..UONG,duongphammmm,
https://github.com/gerhean/duke.git,master,gerhean,e0323230@u.nus.edu,CS2103T-F10- 2 CHAN..HEAN,gerhean;Ger Hean,
https://github.com/FeliciaTay/duke.git,master,FeliciaTay,e0323765@u.nus.edu,CS2103T-F10- 2 FELI.. YEE,FeliciaTay,
https://github.com/foochifa/duke.git,master,foochifa,e0318749@u.nus.edu,CS2103T-F10- 2 FOO ..I FA,foochifa;chifa3,
https://github.com/ongch00/duke.git,master,ongch00,e0310882@u.nus.edu,CS2103T-F10- 2 ONG .. HAN,ongch00,
https://github.com/wxwxwxwx9/duke.git,master,wxwxwxwx9,e0319124@u.nus.edu,CS2103T-F10- 2 ONG ..IANG,wxwxwxwx9;OngWeiXiang,
https://github.com/huixianc/duke.git,master,huixianc,e0325944@u.nus.edu,CS2103T-F10- 3 CHUA..XIAN,huixianc,
https://github.com/lohszeying/duke.git,master,lohszeying,e0318964@u.nus.edu,CS2103T-F10- 3 LOH ..YING,lohszeying;Loh Sze Ying,
https://github.com/xCelestialPhoenix/duke.git,master,xCelestialPhoenix,e0310798@u.nus.edu,CS2103T-F10- 3 NG J..ENCE,xCelestialPhoenix;Phoenix,
https://github.com/mightyrabbit99/duke.git,master,mightyrabbit99,e0313617@u.nus.edu,CS2103T-F10- 3 TAN .. KEN,mightyrabbit99;wahken_win10;wahken_win_ubuntu,
https://github.com/BryanYap972/duke.git,master,BryanYap972,e0324972@u.nus.edu,CS2103T-F10- 3 YAP ..RYAN,BryanYap972,
https://github.com/alushingg/duke.git,master,alushingg,e0322948@u.nus.edu,CS2103T-F10- 4 ANG ..HING,alushingg,
https://github.com/heidicrq/duke.git,master,heidicrq,e0324070@u.nus.edu,CS2103T-F10- 4 CHAN..EIDI,heidicrq,
https://github.com/dinhnhobao/duke.git,master,dinhnhobao,nhobao.dinh@u.nus.edu,CS2103T-F10- 4 DINH.. BAO,dinhnhobao,
https://github.com/zixinn/duke.git,master,zixinn,e0324667@u.nus.edu,CS2103T-F10- 4 NG Z.. XIN,zixinn,
https://github.com/NNpanpan/duke.git,master,NNpanpan,e0313572@u.nus.edu,CS2103T-F10- 4 NGUY..NHAT,NNpanpan,
https://github.com/ray-97/duke.git,master,ray-97,e0324821@u.nus.edu,CS2103T-F11- 1 CAI ..CONG,ray-97;Ray-97,
https://github.com/eugenetyc/duke.git,master,eugenetyc,e0321481@u.nus.edu,CS2103T-F11- 1 EUGE..CHIN,eugenetyc;Eugene Tan,
https://github.com/J-Dan23/duke.git,master,J-Dan23,e0324668@u.nus.edu,CS2103T-F11- 1 JANI.. WEN,J-Dan23;Dan,
https://github.com/buddhavineeth/duke.git,master,buddhavineeth,e0325373@u.nus.edu,CS2103T-F11- 1 VINE..DDHA,buddhavineeth,
https://github.com/jeremylow97/duke.git,master,jeremylow97,e0316053@u.nus.edu,CS2103T-F11- 1 LOW ..XIAN,jeremylow97;lowzhangxian,
https://github.com/AaronCQL/duke.git,master,AaronCQL,e0310376@u.nus.edu,CS2103T-F11- 2 CHOO..ARON,AaronCQL;aaroncql,
https://github.com/Yonggiee/duke.git,master,Yonggiee,e0310611@u.nus.edu,CS2103T-F11- 2 FONG.. JIE,Yonggiee,
https://github.com/ziyingli/duke.git,master,ziyingli,e0325081@u.nus.edu,CS2103T-F11- 2 LI Z..YING,ziyingli;Li Zi Ying,
https://github.com/Dban1/duke.git,master,Dban1,e0310119@u.nus.edu,CS2103T-F11- 2 NG M..IANG,Dban1,
https://github.com/tohkerwei/duke.git,master,tohkerwei,e0325515@u.nus.edu,CS2103T-F11- 2 TOH .. WEI,tohkerwei;toh ker wei,
https://github.com/SHAUNGOH97/duke.git,master,SHAUNGOH97,e0310580@u.nus.edu,CS2103T-F11- 3 GOH ..HAUN,SHAUNGOH97;Shaun Goh,
https://github.com/ignatiusong/duke.git,master,ignatiusong,e0324134@u.nus.edu,CS2103T-F11- 3 IGNA.. YEE,ignatiusong,
https://github.com/lsjxavier/duke.git,master,lsjxavier,e0318494@u.nus.edu,CS2103T-F11- 3 LEE ..VIER,lsjxavier;Xavier Lee,
https://github.com/leslieharland/duke.git,master,leslieharland,e0310770@u.nus.edu,CS2103T-F11- 3 LESL..LAND,leslieharland;Leslie Harland,
https://github.com/Samanthaseahpl/duke.git,master,Samanthaseahpl,e0319110@u.nus.edu,CS2103T-F11- 3 SEAH..NTHA,Samanthaseahpl;samanthaseahpl,
https://github.com/shanecsj/duke.git,master,shanecsj,e0310839@u.nus.edu,CS2103T-F11- 4 CHAN.. JIE,shanecsj,
https://github.com/gohkh/duke.git,master,gohkh,e0014774@u.nus.edu,CS2103T-F11- 4 GOH .. HUI,gohkh,
https://github.com/hans555/duke.git,master,hans555,e0310194@u.nus.edu,CS2103T-F11- 4 ONG ..HENG,hans555,
https://github.com/tzihiang/duke.git,master,tzihiang,e0310862@u.nus.edu,CS2103T-F11- 4 TAY ..LLIS,tzihiang;Willis Tay,
https://github.com/teo-jun-xiong/duke.git,master,teo-jun-xiong,e0310647@u.nus.edu,CS2103T-F11- 4 TEO ..IONG,teo-jun-xiong;waaaflesss,
https://github.com/YuuTon9/duke.git,master,YuuTon9,e0323821@u.nus.edu,CS2103T-T10- 1 LEE ..TONG,YuuTon9;yuetong,
https://github.com/pekchinsiongbrian/duke.git,master,pekchinsiongbrian,e0302289@u.nus.edu,CS2103T-T10- 1 PEK ..RIAN,pekchinsiongbrian,
https://github.com/beatricetay/duke.git,master,beatricetay,e0325690@u.nus.edu,CS2103T-T10- 1 TAY ..RICE,beatricetay,
https://github.com/tharshita/duke.git,master,tharshita,e0316032@u.nus.edu,CS2103T-T10- 1 TIYA..HITA,tharshita,
https://github.com/airshhlay/duke.git,master,airshhlay,e0323901@u.nus.edu,CS2103T-T10- 2 ASHL.. YAN,airshhlay;Ashleigh,
https://github.com/phaebaez/duke.git,master,phaebaez,e0322822@u.nus.edu,CS2103T-T10- 2 PHAE.. JOO,phaebaez,
https://github.com/haveaqiupill/duke.git,master,haveaqiupill,e0323887@u.nus.edu,CS2103T-T10- 2 QIU ..YING,haveaqiupill;Jing Ying;JingYing,
https://github.com/sigmund-c/duke.git,master,sigmund-c,e0313513@u.nus.edu,CS2103T-T10- 2 SIGM..ASTA,sigmund-c,
https://github.com/JJiahui/duke.git,master,JJiahui,e0316063@u.nus.edu,CS2103T-T10- 3 JIAN..AHUI,JJiahui,
https://github.com/zwasd/duke.git,master,zwasd,e0478238@u.nus.edu,CS2103T-T10- 3 LIM .. YUE,zwasd,
https://github.com/XinPei-ng/duke.git,master,XinPei-ng,e0324757@u.nus.edu,CS2103T-T10- 3 NG X.. PEI,XinPei-ng,
https://github.com/sp-shaopeng/duke.git,master,sp-shaopeng,e0322763@u.nus.edu,CS2103T-T10- 3 ZHEN..PENG,sp-shaopeng;ShaoPeng,
https://github.com/CharmaineKoh/duke.git,master,CharmaineKoh,e0136590@u.nus.edu,CS2103T-T10- 4 CHAR.. KOH,CharmaineKoh,
https://github.com/don-tay/duke.git,master,don-tay,e0323256@u.nus.edu,CS2103T-T10- 4 DON ..HENG,don-tay,
https://github.com/EdmondOng/duke.git,master,EdmondOng,e0310851@u.nus.edu,CS2103T-T10- 4 EDMO..IANG,EdmondOng,..\data\duke.txt
https://github.com/kester-ng/duke.git,master,kester-ng,e0303290@u.nus.edu,CS2103T-T10- 4 NG Y..STER,kester-ng;Kester Ng,
https://github.com/Amoscheong97/duke.git,master,Amoscheong97,e0318636@u.nus.edu,CS2103T-W12- 1 AMOS.. HON,Amoscheong97,
https://github.com/Cherweijie/duke.git,master,Cherweijie,e0325707@u.nus.edu,CS2103T-W12- 1 CHER.. JIE,Cherweijie,
https://github.com/Exeexe93/duke.git,master,Exeexe93,e0318484@u.nus.edu,CS2103T-W12- 1 ENG ..N EN,Exeexe93,
https://github.com/khsc96/duke.git,master,khsc96,e0319018@u.nus.edu,CS2103T-W12- 1 HO S..ENNY,khsc96,
https://github.com/JeremyLoh/duke.git,master,JeremyLoh,e0318592@u.nus.edu,CS2103T-W12- 1 LOH .. JUN,JeremyLoh;Jeremy Loh,
https://github.com/garysyndromes/duke.git,master,garysyndromes,e0310017@u.nus.edu,CS2103T-W12- 2 GARY..N YI,garysyndromes,
https://github.com/tingalinga/duke.git,master,tingalinga,e0323100@u.nus.edu,CS2103T-W12- 2 LEE ..TING,tingalinga,
https://github.com/jerrenss/duke.git,master,jerrenss,e0325021@u.nus.edu,CS2103T-W12- 2 SEOW..RREN,jerrenss,
https://github.com/TheElectricBlender/duke.git,master,TheElectricBlender,e0309976@u.nus.edu,CS2103T-W12- 2 SIMO.. JUN,TheElectricBlender,
https://github.com/Yuanyu97/duke.git,master,Yuanyu97,e0322803@u.nus.edu,CS2103T-W12- 2 ZHAN..ANYU,Yuanyu97;Zhang Yuanyu,
https://github.com/syinyichen/duke.git,master,syinyichen,e0313651@u.nus.edu,CS2103T-W12- 3 CHEN..N YI,syinyichen,
https://github.com/CheyanneSim/duke.git,master,CheyanneSim,e0335668@u.nus.edu,CS2103T-W12- 3 CHEY.. SIM,CheyanneSim,
https://github.com/gracegrape/duke.git,master,gracegrape,e0324121@u.nus.edu,CS2103T-W12- 3 GRAC..YIHE,gracegrape,
https://github.com/jumpcutfindo/duke.git,master,jumpcutfindo,e0310443@u.nus.edu,CS2103T-W12- 3 HOE ..NIEL,jumpcutfindo;Daniel Hoe,
https://github.com/joel-lim/duke.git,master,joel-lim,e0310340@u.nus.edu,CS2103T-W12- 3 LIM ..JOEL,joel-lim,
https://github.com/AdarshChugani/duke.git,master,AdarshChugani,e0332810@u.nus.edu,CS2103T-W12- 4 ADAR..GANI,AdarshChugani,
https://github.com/e0316059/duke.git,master,e0316059,e0316059@u.nus.edu,CS2103T-W12- 4 QU M..NGSI,e0316059;qumingsi,
https://github.com/sharadhr/duke.git,master,sharadhr,e0325490@u.nus.edu,CS2103T-W12- 4 SHAR..AMAN,sharadhr,
https://github.com/kevinswk94/duke.git,master,kevinswk94,e0310873@u.nus.edu,CS2103T-W12- 4 SUM ..EVIN,kevinswk94,
https://github.com/muhd97/duke.git,master,muhd97,e0323079@u.nus.edu,CS2103T-W12- 4 SYED..ALAM,muhd97,
https://github.com/akhilvuputuri/duke.git,master,akhilvuputuri,e0309566@u.nus.edu,CS2103T-W13- 1 AKHI..TURI,akhilvuputuri,
https://github.com/sheexiong/duke.git,master,sheexiong,e0318700@u.nus.edu,CS2103T-W13- 1 CHEN..IONG,sheexiong,
https://github.com/Jarrod-Bob/duke.git,master,Jarrod-Bob,e0309003@u.nus.edu,CS2103T-W13- 1 NG J..RROD,Jarrod-Bob,
https://github.com/ailanthustng/duke.git,master,ailanthustng,e0325608@u.nus.edu,CS2103T-W13- 1 TNG ..THUS,ailanthustng,
https://github.com/WillySeahh/duke.git,master,WillySeahh,e0310561@u.nus.edu,CS2103T-W13- 1 WILL..HUNG,WillySeahh,
https://github.com/dawidjaja/duke.git,master,dawidjaja,e0313577@u.nus.edu,CS2103T-W13- 2 DANI..JAJA,dawidjaja;Daniel Alfred Widjaja,
https://github.com/youaremysky99/duke.git,master,youaremysky99,e0313526@u.nus.edu,CS2103T-W13- 2 LE Q..TUAN,youaremysky99;Tuan Le,
https://github.com/sancharib-git/duke.git,master,sancharib-git,e0324215@u.nus.edu,CS2103T-W13- 2 SANC..HYAY,sancharib-git;Sanchari Bandyopadhyay,
https://github.com/hmtey/duke.git,master,hmtey,e0319160@u.nus.edu,CS2103T-W13- 2 TEY ..MING,hmtey,
https://github.com/tanphatls987/duke.git,master,tanphatls987,e0196695@u.nus.edu,CS2103T-W13- 2 TRAN..PHAT,tanphatls987,
https://github.com/chanckben/duke.git,master,chanckben,e0273855@u.nus.edu,CS2103T-W13- 3 CHAN..KONG,chanckben,
https://github.com/wanxuanong/duke.git,master,wanxuanong,e0325225@u.nus.edu,CS2103T-W13- 3 ONG ..XUAN,wanxuanong;WanXuanOng,
https://github.com/gyant6/duke.git,master,gyant6,e0325592@u.nus.edu,CS2103T-W13- 3 TANG.. YAN,gyant6;gyant,
https://github.com/jadetayy/duke.git,master,jadetayy,e0323746@u.nus.edu,CS2103T-W13- 3 TAY ..JADE,jadetayy;Jade Tay,
https://github.com/joycelynteo/duke.git,master,joycelynteo,e0324310@u.nus.edu,CS2103T-W13- 3 TEO ..ELYN,joycelynteo;Joycelyn Teo,
https://github.com/thetruevincentchow/duke.git,master,thetruevincentchow,e0323715@u.nus.edu,CS2103T-W13- 4 CHOW..CENT,thetruevincentchow;Vincent Chow,
https://github.com/capeguy/duke.git,master,capeguy,e0310879@u.nus.edu,CS2103T-W13- 4 LAU ..AMIN,capeguy;Benjamin Lau,
https://github.com/DANamic/duke.git,master,DANamic,e0310808@u.nus.edu,CS2103T-W13- 4 MUHA..MRAN,DANamic;Danish Lukawski,
https://github.com/gruntultra/duke.git,master,gruntultra,e0310838@u.nus.edu,CS2103T-W13- 4 SOH .. WEE,gruntultra,
https://github.com/artlee06/duke.git,master,artlee06,e0309242@u.nus.edu,CS2103T-W16- 1 ARTH.. KIU,artlee06;Arthur Lee;Arthur Lee Ying Kiu,
https://github.com/BransonNg/duke.git,master,BransonNg,e0309295@u.nus.edu,CS2103T-W16- 1 BRAN..SWEE,BransonNg;Branson,
https://github.com/FyonnOh/duke.git,master,FyonnOh,e0325987@u.nus.edu,CS2103T-W16- 1 FYON..UANG,FyonnOh,
https://github.com/Hardoh/duke.git,master,Hardoh,e0311086@u.nus.edu,CS2103T-W16- 1 HARD..CHAN,Hardoh;Hardy Shein,
https://github.com/Permas-Teo/duke.git,master,Permas-Teo,e0273893@u.nus.edu,CS2103T-W16- 1 PERM..NENG,Permas-Teo;Permas Teo,
https://github.com/alloystory/duke.git,master,alloystory,e0308964@u.nus.edu,CS2103T-W16- 2 CHAN..SIUS,alloystory;Aloysius Chan,
https://github.com/gb3h/duke.git,master,gb3h,e0315931@u.nus.edu,CS2103T-W16- 2 GABR.. YAN,gb3h,
https://github.com/jiachen247/duke.git,master,jiachen247,e0310817@u.nus.edu,CS2103T-W16- 2 LIOW..CHEN,jiachen247;jiachen,
https://github.com/Guofeng-Tang/duke.git,master,Guofeng-Tang,e0318770@u.nus.edu,CS2103T-W16- 2 TANG..FENG,Guofeng-Tang,
https://github.com/chishanw/duke.git,master,chishanw,e0324913@u.nus.edu,CS2103T-W16- 2 WONG..SHAN,chishanw;wongchishan,
https://github.com/gx-huang/duke.git,master,gx-huang,e0310706@u.nus.edu,CS2103T-W16- 3 HUAN..IANG,gx-huang,
https://github.com/souwmyaa/duke.git,master,souwmyaa,e0341280@u.nus.edu,CS2103T-W16- 3 SOUW..HANN,souwmyaa,
https://github.com/teikjun/duke.git,master,teikjun,e0325702@u.nus.edu,CS2103T-W16- 3 TAN .. JUN,teikjun,
https://github.com/aegis-bot/duke.git,master,aegis-bot,e0325606@u.nus.edu,CS2103T-W16- 3 TIN .. WEN,aegis-bot,
https://github.com/wyt-sonia/duke.git,master,wyt-sonia,e0365980@u.nus.edu,CS2103T-W16- 3 WANG..TING,wyt-sonia;Wang Yuting,
https://github.com/watsheldon/duke.git,master,watsheldon,e0148760@u.nus.edu,CS2103T-W16- 4 CHEN..GWEI,watsheldon,
https://github.com/Kangwkk/duke.git,master,Kangwkk,e0325635@u.nus.edu,CS2103T-W16- 4 KANG..GKAI,Kangwkk,
https://github.com/mpang45456/duke.git,master,mpang45456,e0310872@u.nus.edu,CS2103T-W16- 4 MAX .. WEE,mpang45456;maxiepangz,
https://github.com/xuanxinng/duke.git,master,xuanxinng,e0379474@u.nus.edu,CS2103T-W16- 4 NG X.. XIN,xuanxinng,
https://github.com/zhouxinwei97/duke.git,master,zhouxinwei97,e0322772@u.nus.edu,CS2103T-W16- 4 ZHOU..NWEI,zhouxinwei97,
https://github.com/amrl/duke.git,master,amrl,e0310544@u.nus.edu,CS2103T-W17- 1 AMIR..RASI,amrl,
https://github.com/kschiew/duke.git,master,kschiew,e0332767@u.nus.edu,CS2103T-W17- 1 CHIE..SENG,kschiew;kok,
https://github.com/ncslzh/duke.git,master,ncslzh,e0309862@u.nus.edu,CS2103T-W17- 1 LEON..OLAS,ncslzh,
https://github.com/oLiXino/duke.git,master,oLiXino,e0318824@u.nus.edu,CS2103T-W17- 1 LIAO..IXIN,oLiXino;Li Xin,
https://github.com/lacedaemon98/duke.git,master,lacedaemon98,e0318782@u.nus.edu,CS2103T-W17- 1 PHAM..LINH,lacedaemon98;Robert Pham,
https://github.com/firzanarmani/duke.git,master,firzanarmani,e0310959@u.nus.edu,CS2103T-W17- 2 FIRZ..ZMAN,firzanarmani;Firzan Armani,
https://github.com/HemanshuGandhi/duke.git,master,HemanshuGandhi,hemanshu.gandhi@u.nus.edu,CS2103T-W17- 2 HEMA..NDHI,HemanshuGandhi,
https://github.com/johannagwan/duke.git,master,johannagwan,e0323120@u.nus.edu,CS2103T-W17- 2 JOHA..ANNA,johannagwan,
https://github.com/kevinputera/duke.git,master,kevinputera,e0313514@u.nus.edu,CS2103T-W17- 2 KEVI..TERA,kevinputera;Kevin Putera,
https://github.com/ljiazh3ng/duke.git,master,ljiazh3ng,e0310814@u.nus.edu,CS2103T-W17- 2 LUA ..HENG,ljiazh3ng;Jia Zheng,
https://github.com/Deunitato/duke.git,master,Deunitato,e0318694@u.nus.edu,CS2103T-W17- 3 CHAR..TENG,Deunitato;Charlotte Lim Wee Teng,
https://github.com/zenatrick/duke.git,master,zenatrick,e0322757@u.nus.edu,CS2103T-W17- 3 CHAU..G LE,zenatrick;Chau Teng Le,
https://github.com/joshlay96/duke.git,master,joshlay96,e0318652@u.nus.edu,CS2103T-W17- 3 JOSH.. JIE,joshlay96;Joshua;Joshua Lay,
https://github.com/loycatherine/duke.git,master,loycatherine,e0325000@u.nus.edu,CS2103T-W17- 3 LOY ..-YIN,loycatherine;Catherine,
https://github.com/jwee97/duke.git,master,jwee97,e0325824@u.nus.edu,CS2103T-W17- 3 WEE ..SHUA,jwee97;Joshua,
https://github.com/aakanksha-rai/duke.git,master,aakanksha-rai,e0313710@u.nus.edu,CS2103T-W17- 4 AAKA.. RAI,aakanksha-rai;Aakanksha Rai,
https://github.com/chuayijing/duke.git,master,chuayijing,e0324596@u.nus.edu,CS2103T-W17- 4 CHUA..JING,chuayijing;chua yijing,
https://github.com/fatin99/duke.git,master,fatin99,e0323529@u.nus.edu,CS2103T-W17- 4 FATI..AIMI,fatin99,
https://github.com/PotatoCombat/duke.git,master,PotatoCombat,e0313469@u.nus.edu,CS2103T-W17- 4 GABR..HENG,PotatoCombat;TheFirstCouchPotato97,
https://github.com/eclmist/duke.git,master,eclmist,e0318814@u.nus.edu,CS2103T-W17- 4 HUAN..AOYI,eclmist;Samuel Van Allen,
https://github.com/lth08091998/duke.git,master,lth08091998,e0072405@u.nus.edu,CS2103-W14- 1 LE T..HIEU,lth08091998;LE TRUNG HIEU;Le Trung Hieu,
https://github.com/tiendat161/duke.git,master,tiendat161,e0072463@u.nus.edu,CS2103-W14- 1 NGUY.. DAT,tiendat161,
https://github.com/ShengXue97/duke.git,master,ShengXue97,e0324776@u.nus.edu,CS2103-W14- 1 SIM .. XUE,ShengXue97,
https://github.com/ivanteejj/duke.git,master,ivanteejj,e0319256@u.nus.edu,CS2103-W14- 1 TEE ..IVAN,ivanteejj,
https://github.com/FangShaoHua94/duke.git,master,FangShaoHua94,e0203379@u.nus.edu,CS2103-W14- 2 FANG..OHUA,FangShaoHua94;Daythehangedman,
https://github.com/LiuChao93/duke.git,master,LiuChao93,e0015025@u.nus.edu,CS2103-W14- 2 LIU ..CHAO,LiuChao93,
https://github.com/NicholasCF/duke.git,master,NicholasCF,e0201435@u.nus.edu,CS2103-W14- 2 NICH..ANDO,NicholasCF,
https://github.com/PangJiaDa/duke.git,master,PangJiaDa,e0311253@u.nus.edu,CS2103-W14- 2 PANG..A DA,PangJiaDa,
https://github.com/nidorinas/duke.git,master,nidorinas,e0035831@u.nus.edu,CS2103-W14- 3 CHUA..ARAH,nidorinas;Sarah Chua,
https://github.com/ElysiaTanZY/duke.git,master,ElysiaTanZY,e0036110@u.nus.edu,CS2103-W14- 3 ELYS..ZIYI,ElysiaTanZY;Elysia Tan,
https://github.com/hhjoel/duke.git,master,hhjoel,e0037120@u.nus.edu,CS2103-W14- 3 JOEL..HENG,hhjoel,
https://github.com/Vanessa1098/duke.git,master,Vanessa1098,e0201019@u.nus.edu,CS2103-W14- 3 KWAN.. JIE,Vanessa1098;KwanXinJie,
https://github.com/harrychengly/duke.git,master,harrychengly,e0318930@u.nus.edu,CS2103-W14- 4 CHEN.. YAW,harrychengly,
https://github.com/l2ejected/duke.git,master,l2ejected,e0319092@u.nus.edu,CS2103-W14- 4 ERNE..QUAN,l2ejected;Ernest Lian,
https://github.com/terencemah/duke.git,master,terencemah,e0310083@u.nus.edu,CS2103-W14- 4 MAH ..ENCE,terencemah;Terence Mah,
https://github.com/raivatshah/duke.git,master,raivatshah,e0315854@u.nus.edu,CS2103-W14- 4 RAIV..SHAH,raivatshah;Raivat Shah,
https://github.com/Yujian-Fu/duke.git,master,Yujian-Fu,e0427770@u.nus.edu,CS2103-W15- 1 FU Y..JIAN,Yujian-Fu;Yujian,
https://github.com/JKOK005/duke.git,master,JKOK005,e0431605@u.nus.edu,CS2103-W15- 1 JOHA..KANG,JKOK005;johan.kok;Johan Kok,
https://github.com/agnesnatasya/duke.git,master,agnesnatasya,e0313565@u.nus.edu,CS2103-W15- 2 AGNE..ASYA,agnesnatasya,
https://github.com/CornCobs/duke.git,master,CornCobs,e0309993@u.nus.edu,CS2103-W15- 2 CHIN..OASH,CornCobs;Joash Chin,
https://github.com/mario7lorenzo/duke.git,master,mario7lorenzo,e0369915@u.nus.edu,CS2103-W15- 2 MARI..ENZO,mario7lorenzo;Mario Lorenzo,
https://github.com/weiichengg/duke.git,master,weiichengg,e0321478@u.nus.edu,CS2103-W15- 2 ONG ..HENG,weiichengg;Wei Cheng,
https://github.com/bscrow/duke.git,master,bscrow,e0325624@u.nus.edu,CS2103-W15- 2 YAN ..SHEN,bscrow,
https://github.com/shunde97/duke.git,master,shunde97,e0310731@u.nus.edu,CS2103-W15- 3 CHIA..N DE,shunde97;Chiang Shun De;shunde_,
https://github.com/CranstonYeo/duke.git,master,CranstonYeo,e0310976@u.nus.edu,CS2103-W15- 3 CRAN..IJIE,CranstonYeo,
https://github.com/suwoons/duke.git,master,suwoons,e0325949@u.nus.edu,CS2103-W15- 3 LIM ..ARAH,suwoons;Sarah;sarah,
https://github.com/nigelnnk/duke.git,master,nigelnnk,e0308953@u.nus.edu,CS2103-W15- 3 NEO ..IGEL,nigelnnk,
https://github.com/hanchingyong/duke.git,master,hanchingyong,e0176745@u.nus.edu,CS2103-W15- 3 YONG..HING,hanchingyong,
https://github.com/shenghaoc/duke.git,master,shenghaoc,e0303292@u.nus.edu,CS2103-W15- 4 CHEN..GHAO,shenghaoc;Chen Shenghao,
https://github.com/limdylan/duke.git,master,limdylan,e0176039@u.nus.edu,CS2103-W15- 4 LIM ..YLAN,limdylan;Dylan Lim,
https://github.com/umaikaze/duke.git,master,umaikaze,e0332769@u.nus.edu,CS2103-W15- 4 ZHAO..JIAN,umaikaze,
https://github.com/tianqi77/duke.git,master,tianqi77,e0323090@u.nus.edu,CS2103-W15- 4 ZHAO..ANQI,tianqi77,
https://github.com/Zhu-Ruicong/duke.git,master,Zhu-Ruicong,e0324850@u.nus.edu,CS2103-W15- 4 ZHU ..CONG,Zhu-Ruicong,
https://github.com/seanlowcy77/duke.git,master,seanlowcy77,e0310538@u.nus.edu,CS2103-T09- 1 LOW ..SEAN,seanlowcy77,
https://github.com/JingYuOng/duke.git,master,JingYuOng,e0052936@u.nus.edu,CS2103-T09- 1 ONG ..G YU,JingYuOng;Jy47,
https://github.com/ErnTekTeoh/duke.git,master,ErnTekTeoh,e0047613@u.nus.edu,CS2103-T09- 1 TEOH.. TEK,ErnTekTeoh;Ern Tek Teoh,
https://github.com/zhuhanming/duke.git,master,zhuhanming,e0389223@u.nus.edu,CS2103-T09- 1 ZHU ..MING,zhuhanming;Hanming Zhu;Zhu Hanming,
https://github.com/YingxuH/duke.git,master,YingxuH,e0139128@u.nus.edu,CS2103-T09- 2 HE Y..NGXU,YingxuH;braddyH,
https://github.com/GreenMapleLeaves/duke.git,master,GreenMapleLeaves,e0031848@u.nus.edu,CS2103-T09- 2 KONG.. YIN,GreenMapleLeaves,
https://github.com/junhaotan/duke.git,master,junhaotan,e0310878@u.nus.edu,CS2103-T09- 2 TAN .. HAO,junhaotan,
https://github.com/aliciatxl/duke.git,master,aliciatxl,e0037186@u.nus.edu,CS2103-T09- 2 TAN .. YEE,aliciatxl,
https://github.com/chlalstjr/duke.git,master,chlalstjr,e0310270@u.nus.edu,CS2103-T09- 3 CHOI.. SUK,chlalstjr;kusnim,
https://github.com/BenFheng/duke.git,master,BenFheng,e0310305@u.nus.edu,CS2103-T09- 3 FHEN..AMIN,BenFheng,
https://github.com/HubertHalim/duke.git,master,HubertHalim,e0196687@u.nus.edu,CS2103-T09- 3 HUBE..ALIM,HubertHalim,
https://github.com/PangKimJin/duke.git,master,PangKimJin,e0310263@u.nus.edu,CS2103-T09- 3 PANG.. JIN,PangKimJin,
https://github.com/lm5lm5/duke.git,master,lm5lm5,e0148811@u.nus.edu,CS2103-T09- 4 LIAO..MENG,lm5lm5;Liao Meng E0148811,
https://github.com/WANG-Yuchen-Alice/duke.git,master,WANG-Yuchen-Alice,e0261908@u.nus.edu,CS2103-T09- 4 WANG..CHEN,WANG-Yuchen-Alice,
https://github.com/IYVVVVV/duke.git,master,IYVVVVV,e0261968@u.nus.edu,CS2103-T09- 4 YE C..CHEN,IYVVVVV,
https://github.com/ZhangYiping126/duke.git,master,ZhangYiping126,e0357438@u.nus.edu,CS2103-T09- 4 ZHAN..PING,ZhangYiping126,
